Timestamp,id,V1,V2,V3,V1.1,V2.1,V3.1,V4.1,V5.1,V0,d0,V1.2,d1,V2.2,d2,V3.2,d3,V4.2,d4,V5.2,d5,"What is P(V0=d0|V1=d1,V2=d2,V3=d3,V4=d4,V5=d5)?",V0.1,d0.1,V1.3,d1.1,V2.3,d2.1,V3.3,d3.1,V4.3,d4.1,V5.3,d5.1,"What is P(V0=d0|V1=d1,V2=d2,V3=d3,V4=d4,V5=d5)?".1,Timestamp,Timestamp,Timestamp,Timestamp,Timestamp,Timestamp
7/22/2020 20:35:22,abc,Activity,Activity,Activity,Age,Age,Age,Age,Age,Age,0.3,Hypertension,0.25,Diabetes,0.25,Hypertension,0.25,Gender,0.25,Central_Obesity,0.25,0.25,Central_Obesity,0.5,Central_Obesity,0.5,Central_Obesity,0.5,Central_Obesity,0.5,Central_Obesity,0.5,Central_Obesity,0.5,0.5,,,,,,
7/26/2020 14:03:35,malikins,Hyperlipidemia,Vegetables,Gender,Hypertension,Hyperlipidemia,BMI,Central_Obesity,Diabetes,Activity,Normal,Gender,Female,Age,<40,Hyperlipidemia,NO,Region,Countryside,Central_Obesity,NO,0.378,Hyperlipidemia,YES,BMI,<18.5,Central_Obesity,NO,Diabetes,NO,Age,<40,Activity,Sufficient,0.0226,,,,,,
7/28/2020 17:07:54,yaochen8,Age,Activity,Hypertension,Region,BMI,Hypertension,Hyperlipidemia,Central_Obesity,Region,City,Hyperlipidemia,NO,Hypertension,YES,Central_Obesity,YES,BMI,~28.0,Activity,Insufficient,0.629,Region,Countryside,Hyperlipidemia,NO,Hypertension,YES,Central_Obesity,NO,BMI,~24.0,Activity,Sufficient,0.371,,,,,,
7/28/2020 19:01:16,liujack8,Hyperlipidemia,BMI,Vegetables,Hypertension,Hyperlipidemia,Central_Obesity,BMI,Region,BMI,~28.0,Central_Obesity,YES,Hypertension,YES,Hyperlipidemia,YES,Vegetables,<400g/d,Gender,Male,0.94,Diabetes,YES,Vegetables,>500/d,Age,<40,Activity,Sufficient,Central_Obesity,NO,BMI,<18.5,0.0005,,,,,,
8/1/2020 16:14:13,tsaitsu3,Hyperlipidemia,Vegetables,Gender,Hyperlipidemia,Hypertension,Region,BMI,Central_Obesity,Activity,Insufficient,Gender,Male,Age,~60,Hyperlipidemia,YES,Central_Obesity,YES,BMI,~28,0.05,Activity,Sufficient,Gender,Female,Age,<40,Hyperlipidemia,YES,BMI,<18.5,Central_Obesity,No,0.00007,,,,,,
8/1/2020 18:05:11,abdall77,Central_Obesity,BMI,Hypertension,Central_Obesity,Hypertension,Gender,Diabetes,Hypertension,Activity,Inactive,Age,~60,Diabetes,YES,Vegetables,<400g/d,Gender,Female,BMI,~28.0,0.4618087174,Activity,Inactive,Region,Countryside,Hypertension,NO,Central_Obesity,NO,BMI,~18.5,Hyperlipidemia,NO,0.353952072,,,,,,
8/3/2020 1:14:46,lamchr25,Hyperlipidemia,BMI,Vegetables,Hypertension,Hyperlipidemia,BMI,Central_Obesity,Region,Hypertension,YES,Central_Obesity,YES,BMI,~28.0,Region,City,Diabetes,YES,Age,~60,0.930115306,Hyperlipidemia,YES,BMI,~18.5,Central_Obesity,NO,Gender,Female,Vegetables,400-500g/d,Activity,Sufficient,0.1245402073,,,,,,
8/3/2020 14:06:59,zhan4408,Hyperlipidemia,Vegetables,BMI,Hypertension,Hyperlipidemia,BMI,Central_Obesity,Diabetes,Diabetes,YES,BMI,~28.0,Central_Obesity,YES,Activity,Insufficient,Vegetables,<400g/d,Age,~60,0.6583962527,Activity,Sufficient,BMI,~28.0,Central_Obesity,YES,Age,~60,Diabetes,YES,Region,City,0.2516211618,,,,,,
8/3/2020 16:26:30,damdibby,BMI,Gender,Hypertension,Hypertension,Activity,Diabetes,Vegetables,BMI,Hyperlipidemia,YES,Gender,Male,Region,Countryside,Activity,Insufficient,Hypertension,YES,Age,~60,0.58,BMI,~18.5,Gender,Male,Activity,Insufficient,Age,~60,Diabetes,YES,Vegetables,<400g/d,0.24,,,,,,
8/3/2020 22:11:38,kartonoe,Central_Obesity,Vegetables,Hyperlipidemia,Hypertension,Hyperlipidemia,Central_Obesity,BMI,Region,BMI,~24.0,Central_Obesity,YES,Hypertension,NO,Vegetables,<400g/d,Region,Countryside,Gender,Male,0.606895977,BMI,~24.0,Central_Obesity,NO,Vegetables,400-500g/d,Diabetes,NO,Hypertension,NO,Activity,Sufficient,0.2182793867,,,,,,
8/4/2020 15:47:18,suielain,Central_Obesity,Gender,Hypertension,Hypertension,Gender,Central_Obesity,BMI,Age,Hyperlipidemia,YES,Region,City,Hypertension,YES,BMI,~28.0,Central_Obesity,YES,Vegetables,<400g/d,0.7829117662,Hyperlipidemia,YES,Region,Countryside,Hypertension,NO,BMI,~18.5,Central_Obesity,NO,Vegetables,>500g/d,0.08409382956,,,,,,
8/5/2020 4:38:45,yeqixin,Hyperlipidemia,Region,Vegetables,Gender,Hypertension,Hyperlipidemia,BMI,Activity,Vegetables,<400g/d,Hyperlipidemia,YES,BMI,~18.5,Central_Obesity,YES,Hypertension,YES,Age,~60,0.579,BMI,18.5,Central_Obesity,YES,Hypertension,YES,Hyperlipidemia,YES,Vegetables,<400g/d,Gender,Male,0.07376294247,,,,,,
8/5/2020 5:19:35,yeqixin,Hyperlipidemia,Region,Vegetables,Gender,Hypertension,Hyperlipidemia,BMI,Activity,Vegetables,<400g/d,Hyperlipidemia,YES,BMI,~18.5,Central_Obesity,YES,Hypertension,YES,Age,~60,0.579,BMI,~18.5,Central_Obesity,YES,Hypertension,YES,Hyperlipidemia,YES,Vegetables,<400g/d,Gender,Male,0.07376294247,,,,,,
8/5/2020 14:52:17,tsaitsu3,Hyperlipidemia,Vegetables,Gender,Hypertension,Hyperlipidemia,BMI,Central_Obesity,Region,Hyperlipidemia,YES,Vegetables,<400g/d,Age,~60,Diabetes,YES,Region,Countryside,Central_Obesity,YES,0.8,Activity,Sufficient,Age,~40,Gender,Female,Hyperlipidemia,No,BMI,~24.0,Central_Obesity,YES,0.24,,,,,,
8/5/2020 17:31:55,garret23,Hyperlipidemia,BMI,Vegetables,Region,Diabetes,Hypertension,Hyperlipidemia,BMI,Hyperlipidemia,YES,BMI,~28.0,Central_Obesity,YES,Diabetes,YES,Vegetables,<400g/d,Gender,Male,0.85,Hyperlipidemia,YES,Activity,Sufficient,Age,<40,Hypertension,NO,Region,City,Gender,Female,0.15,,,,,,
8/6/2020 3:13:24,wangt140,Hyperlipidemia,Central_Obesity,Gender,Gender,Age,Hyperlipidemia,Hypertension,Activity,Activity,Sufficient,BMI,~18.5,Central_Obesity,NO,Hyperlipidemia,NO,Gender,Male,Age,<40,0.338,Activity,Insufficient,BMI,~18.5,Central_Obesity,NO,Hypertension,NO,Age,<40,Gender,Male,0.305,,,,,,
8/6/2020 4:03:45,wangt140,Hyperlipidemia,Central_Obesity,Gender,Hypertension,Hyperlipidemia,BMI,Central_Obesity,Activity,Activity,Sufficient,BMI,~18.5,Central_Obesity,NO,Hyperlipidemia,NO,Gender,Male,Age,<40,0.338,Activity,Insufficient,BMI,~18.5,Central_Obesity,NO,Hypertension,NO,Age,<40,Gender,Male,0.305,,,,,,
8/7/2020 13:43:17,navabzad,Hyperlipidemia,BMI,Vegetables,Hypertension,Hyperlipidemia,Central_Obesity,BMI,Region,Hyperlipidemia,YES,Central_Obesity,YES,Hypertension,YES,Vegetables,<400g/d,Diabetes,YES,Activity,Insufficient,0.75373,BMI,~18.5,Gender,Male,Activity,Insufficient,Age,~60,Diabetes,YES,Hyperlipidemia,YES,0.18857,,,,,,
8/7/2020 21:09:47,chenka46,Hyperlipidemia,BMI,Vegetables,Hypertension,Hyperlipidemia,BMI,Central_Obesity,Diabetes,Activity,Insufficient,BMI,~28,Central_Obesity,YES,Hyperlipidemia,YES,Gender,Female,Age,~60,0.482,Region,Countryside,BMI,~28.0,Central_Obesity,YES,Diabetes,YES,Hyperlipidemia,NO,Hypertension,YES,0.371,,,,,,
8/7/2020 21:57:52,tosally,Hyperlipidemia,Region,Vegetables,Gender,Age,Hypertension,Hyperlipidemia,Activity,Activity,Sufficient,BMI,<18.5,Central_Obesity,NO,Hypertension,NO,Gender,Male,Age,<40,0.34,Activity,Normal,BMI,~28.0,Central_Obesity,YES,Gender,Female,Hypertension,YES,Age,~60,0.29,,,,,,
8/7/2020 22:17:50,tosally,Hyperlipidemia,Region,Vegetables,Gender,Age,Hypertension,Hyperlipidemia,Activity,Activity,Sufficient,BMI,<18.5,Central_Obesity,NO,Hypertension,NO,Gender,Male,Age,<40,0.34,Region,Countryside,BMI,~28.0,Age,~60,Vegetables,400-500g/d,Hyperlipidemia,YES,Hypertension,YES,0.42,,,,,,
8/8/2020 9:00:58,wangq145,Hyperlipidemia,Vegetables,Gender,Hypertension,Gender,Central_Obesity,Activity,Diabetes,Hyperlipidemia,YES,BMI,~28.0,Diabetes,YES,Age,~60,Vegetables,<400g/d,Central_Obesity,YES,0.84,Activity,Insufficient,Region,Countryside,Diabetes,NO,Age,<40,Vegetables,>500g/d,Hypertension,NO,0.31,,,,,,
8/8/2020 15:33:10,leemic76,Hyperlipidemia,Gender,Vegetables,Age,Gender,Hyperlipidemia,Hypertension,Activity,Diabetes,YES,BMI,~28.0,Central_Obesity,YES,Hypertension,YES,Vegetables,<400g/d,Activity,Insufficient,0.675,Activity,Insufficient,BMI,~18.5,Region,Countryside,Age,<40,Diabetes,NO,Gender,Male,0.3,,,,,,
8/8/2020 16:15:00,shenjunw,Hypertension,Age,BMI,BMI,Vegetables,Central_Obesity,Hyperlipidemia,Hypertension,Hyperlipidemia,YES,Central_Obesity,YES,Hypertension,YES,Vegetables,<400g/d,Gender,Male,Region,Countryside,0.74,BMI,~18.5,Central_Obesity,YES,Hypertension,YES,Hyperlipidemia,YES,Vegetables,<400g/d,Gender,Male,0.07,,,,,,
8/8/2020 17:26:50,garret23,Hyperlipidemia,BMI,Vegetables,Region,Diabetes,Hypertension,Hyperlipidemia,BMI,Hyperlipidemia,YES,BMI,~28.0,Central_Obesity,YES,Diabetes,YES,Vegetables,<400g/d,Gender,Male,0.85,Hyperlipidemia,YES,Activity,Sufficient,Age,<40,Hypertension,NO,Region,City,Gender,Female,0.15,,,,,,
8/8/2020 18:07:04,lizhiyu5,Hyperlipidemia,Vegetables,BMI,Region,Gender,Hyperlipidemia,BMI,Hypertension,Diabetes,YES,BMI,~28,Central_Obesity,YES,Hypertension,YES,Age,~60,Hyperlipidemia,YES,0.693,BMI,~18.5,Central_Obesity,YES,Hypertension,YES,Diabetes,YES,Vegetables,<400g/d,Activity,Insufficient,0.1162674351,,,,,,
8/8/2020 18:53:28,kuramsh1,Hyperlipidemia,Vegetables,Central_Obesity,BMI,Gender,Diabetes,Hyperlipidemia,Activity,BMI,~18.5,Vegetables,400-500g/d,Hypertension,NO,Activity,Normal,Central_Obesity,NO,Gender,Female,0.678,BMI,~18.5,Vegetables,<400g/d,Hypertension,YES,Activity,Insufficient,Central_Obesity,YES,Gender,Male,0.116,,,,,,
8/8/2020 19:42:12,jiang197,Hyperlipidemia,Vegetables,Diabetes,BMI,Activity,Hyperlipidemia,Vegetables,Central_Obesity,BMI,~28.0,Central_Obesity,YES,Hypertension,YES,Hyperlipidemia,YES,Vegetables,<400g/d,Gender,Male,0.57,BMI,~18.5,Central_Obesity,YES,Hypertension,YES,Hyperlipidemia,YES,Vegetables,<400g/d,Gender,Male,0.07,,,,,,
8/8/2020 23:23:55,zhaohai5,Hyperlipidemia,Vegetables,Central_Obesity,Hyperlipidemia,Hypertension,BMI,Central_Obesity,Diabetes,Hypertension,YES,Central_Obesity,YES,Diabetes,YES,Region,City,BMI,~28.0,Hyperlipidemia,NO,0.9529089924,Hypertension,NO,Central_Obesity,YES,Diabetes,YES,Region,City,BMI,~28.0,Hyperlipidemia,NO,0.0470910076,,,,,,
8/9/2020 1:33:39,zhan5954,Hyperlipidemia,BMI,Vegetables,Central_Obesity,Diabetes,Hypertension,Hyperlipidemia,BMI,Hyperlipidemia,YES,Age,~60,Gender,Male,Activity,Insufficient,Diabetes,YES,Region,Countryside,0.6838690104,Hypertension,YES,BMI,~24.0,Central_Obesity,NO,Region,Countryside,Diabetes,NO,Age,<40,0.1462347103,,,,,,
8/9/2020 1:39:25,jilong1,Hyperlipidemia,BMI,Vegetables,Hyperlipidemia,Hypertension,BMI,Central_Obesity,Diabetes,Activity,Insufficient',Gender,Female',Hypertension,YES',Central_Obesity,YES',BMI,~28.0',Region,Countryside',0.4260710789,Diabetes,YES',Hyperlipidemia,NO',Region,Countryside',Central_Obesity,NO',BMI,<18.5',Hypertension,NO',0.221,,,,,,
8/9/2020 2:46:46,shenhao4,Hyperlipidemia,BMI,Vegetables,Age,Gender,Hyperlipidemia,Central_Obesity,Activity,Activity,Insufficient,BMI,~28.0,Central_Obesity,YES,Hypertension,YES,Hyperlipidemia,YES,Age,~60,0.470009,Activity,Sufficient,BMI,~24.0,Central_Obesity,YES,Hyperlipidemia,YES,Gender,Female,Age,~60,0.223,,,,,,
8/9/2020 9:12:36,xiaxinti,Gender,Hyperlipidemia,Activity,BMI,Central_Obesity,Hypertension,Hyperlipidemia,Diabetes,BMI,<18.5,Central_Obesity,YES,Hypertension,YES,Hyperlipidemia,YES,Gender,Female,Vegetables,>500g/d,0.002,Activity,Insufficient,Gender,Female,Hyperlipidemia,YES,Age,~60,BMI,~28.0,Central_Obesity,YES,0.526,,,,,,
8/9/2020 12:53:30,chensi91,Hyperlipidemia,BMI,Vegetables,Hypertension,Hyperlipidemia,Central_Obesity,BMI,Age,Activity,Insufficient,Hypertension,YES,Age,~60,Central_Obesity,YES,Hyperlipidemia,YES,BMI,~18.5,0.470009,Diabetes,YES,Hyperlipidemia,YES,Gender,Male,Region,Countryside,BMI,~18.5,Vegetables,<400g/d,0.6167466321,,,,,,
8/9/2020 16:35:07,wangboh2,Hyperlipidemia,Hypertension,Vegetables,Hypertension,Hyperlipidemia,BMI,Central_Obesity,Region,BMI,~24.0,Central_Obesity,YES,Hypertension,NO,Vegetables,<400g/d,Gender,Male,Age,~60,0.6190089634,BMI,~28.0,Central_Obesity,YES,Hypertension,NO,Vegetables,>500g/d,Gender,Female,Hyperlipidemia,NO,0.06150051583,,,,,,
8/9/2020 16:39:49,hanqinto,Hyperlipidemia,Hypertension,Vegetables,BMI,Gender,Central_Obesity,Hyperlipidemia,Activity,BMI,~24.0,Central_Obesity,YES,Hypertension,NO,Vegetables,<400g/d,Gender,Male,Diabetes,YES,0.6291308172,BMI,~24.0,Central_Obesity,NO,Hypertension,NO,Vegetables,400-500g/d,Region,City,Diabetes,NO,0.220574726,,,,,,
8/9/2020 16:41:05,hanqinto,Hyperlipidemia,Hypertension,Vegetables,BMI,Gender,Central_Obesity,Hyperlipidemia,Activity,BMI,~24.0,Central_Obesity,YES,Hypertension,NO,Vegetables,<400g/d,Gender,Male,Diabetes,YES,0.6291308172,BMI,~24.0,Central_Obesity,NO,Hypertension,NO,Vegetables,400-500g/d,Region,City,Diabetes,NO,0.220574726,,,,,,
8/9/2020 17:02:07,lijiay28,Hyperlipidemia,Hypertension,Vegetables,Hypertension,Hyperlipidemia,Central_Obesity,BMI,Age,BMI,~24.0,Central_Obesity,NO,Hypertension,YES,Vegetables,<400g/d,Region,Countryside,Age,~40,0.3661958436,BMI,~24.0,Central_Obesity,NO,Hypertension,NO,Vegetables,400-500g/d,Gender,Female,Hyperlipidemia,NO,0.191830917,,,,,,
8/9/2020 17:18:04,zhanzhir,Hypertension,Hyperlipidemia,Gender,BMI,Gender,Hyperlipidemia,Diabetes,Activity,BMI,~24.0,Central_Obesity,NO,Hypertension,YES,Vegetables,<400g/d,Region,Countryside,Hyperlipidemia,YES,0.484516647,BMI,~18.5,Central_Obesity,NO,Hypertension,YES,Vegetables,<400g/d,Gender,Male,Hyperlipidemia,YES,0.445915156,,,,,,
8/9/2020 18:31:17,goyalak2,Hyperlipidemia,Central_Obesity,Gender,Hypertension,Hyperlipidemia,BMI,Central_Obesity,Age,Activity,Activity = Insufficient,Hypertension,Hypertension = YES,Hyperlipidemia,Hyperlipidemia = YES,Age,Age = ~60,Gender,Gender = Female,Central_Obesity,CentralObesity = YES,0.482,Activity,Activity = Sufficient,BMI,BMI = ~28.0,Central_Obesity,CentralObesity = YES,Hyperlipidemia,HL = YES,Gender,Gender = Female,Hypertension,YES,0.228,,,,,,
8/9/2020 18:50:40,fanfeiya,Hyperlipidemia,Vegetables,BMI,Gender,Age,Hyperlipidemia,Hypertension,Activity,Hyperlipidemia,YES,Diabetes,YES,Region,Countryside,Age,~60,Activity,Insufficient,Gender,Male,0.68,Hyperlipidemia,YES,BMI,~18.5,Central_Obesity,NO,Vegetables,400-500g/d,Age,<40,Activity,Sufficient,0.09,,,,,,
8/9/2020 19:44:36,liuyife7,Hyperlipidemia,Central_Obesity,Gender,Hyperlipidemia,Hypertension,BMI,Central_Obesity,Diabetes,Activity,Insufficient,Central_Obesity,YES,BMI,~24.0,Hyperlipidemia,YES,Gender,Female,Age,~60,0.482,Hyperlipidemia,YES,Vegetables,>500g/d,BMI,<18.5,Gender,Female,Activity,Sufficient,Age,<40,0.012,,,,,,
8/9/2020 21:16:55,yinlinta,Hyperlipidemia,BMI,Vegetables,Activity,Hypertension,Age,Gender,Diabetes,Age,~60,BMI,~18.5,Central_Obesity,YES,Hypertension,YES,Hyperlipidemia,YES,Activity,Insufficient,0.444,Activity,Insufficient,Central_Obesity,NO,Hypertension,NO,Hyperlipidemia,NO,Gender,Male,Age,<40,0.291,,,,,,
8/9/2020 22:28:13,wujunxua,Hyperlipidemia,Vegetables,BMI,Hypertension,Hyperlipidemia,BMI,Central_Obesity,Region,Activity,Sufficient,Gender,Male,Age,<40,Hyperlipidemia,NO,Hypertension,NO,Central_Obesity,YES,0.338,Age,<40,Gender,Male,Activity,Insufficient,BMI,~24.0,Vegetables,<400g/d,Central_Obesity,YES,0.25,,,,,,
8/10/2020 0:05:51,wangli99,Hyperlipidemia,Vegetables,BMI,Hypertension,Hyperlipidemia,BMI,Central_Obesity,Diabetes,BMI,~18.5,Central_Obesity,NO,Hypertension,NO,Vegetables,>500g/d,Diabetes,NO,Age,<40,0.71,BMI,~18.5,Gender,Male,Region,City,Diabetes,YES,Age,~60,Activity,Insufficient,0.27,,,,,,
8/10/2020 0:33:09,kammulaa,Hyperlipidemia,Gender,Hypertension,Gender,Hypertension,Hyperlipidemia,BMI,Activity,Activity,Sufficient,Age,<40,BMI,<18.5,Central_Obesity,NO,Gender,Male,Hypertension,NO,0.332,BMI,~18.5,Central_Obesity,YES,Hypertension,YES,Hyperlipidemia,YES,Gender,Male,Vegetables,<400g/d,0.0738,,,,,,
8/10/2020 1:04:57,kammulaa,Hyperlipidemia,Gender,Hypertension,Gender,Hypertension,Hyperlipidemia,BMI,Activity,Activity,Sufficient,Age,<40,Central_Obesity,NO,BMI,<18.5,Gender,Male,Hypertension,NO,0.3327,BMI,18.5,Central_Obesity,YES,Hypertension,YES,Hyperlipidemia,YES,Gender,Male,Vegetables,<400g/d,0.0738,,,,,,
8/10/2020 10:31:44,kartonoe,Central_Obesity,Vegetables,Hyperlipidemia,Hypertension,Hyperlipidemia,Central_Obesity,BMI,Region,BMI,~24.0,Central_Obesity,YES,Hypertension,NO,Vegetables,<400g/d,Region,Countryside,Gender,Male,0.606895977,BMI,~24.0,Central_Obesity,NO,Vegetables,400-500g/d,Diabetes,NO,Hypertension,NO,Activity,Sufficient,0.2182793867,,,,,,
8/10/2020 10:40:58,transt19,Hyperlipidemia,Hypertension,Gender,Gender,Hypertension,Hyperlipidemia,BMI,Activity,Central_Obesity,YES,Hypertension,YES,Hyperlipidemia,YES,Vegetables,<400g/d,Gender,Male,Region,Countryside,0.8535139216,BMI,~18.5,Central_Obesity,YES,Hypertension,YES,Hyperlipidemia,YES,Vegetables,<400g/d,Gender,Male,0.07376294247,,,,,,
8/10/2020 12:37:20,shijiaka,Hyperlipidemia,Vegetables,Gender,Hypertension,Hyperlipidemia,BMI,Central_Obesity,Diabetes,Central_Obesity,NO,BMI,~18.5,Hypertension,NO,Hyperlipidemia,NO,Vegetables,<400g/d,Region,Countryside,0.616,Central_Obesity,YES,BMI,~18.5,Hypertension,NO,Hyperlipidemia,NO,Vegetables,<400g/d,Region,Countryside,0.384,,,,,,
8/10/2020 14:10:37,stairsje,Hyperlipidemia,BMI,Vegetables,Gender,Age,Hyperlipidemia,Hypertension,Activity,Activity,Sufficient,Hypertension,NO,Central_Obesity,NO,BMI,~18.5,Hyperlipidemia,NO,Gender,Male,0.314321,Activity,Insufficient,Gender,Male,Hypertension,NO,Central_Obesity,NO,BMI,~18.5,Age,<40,0.3047223761,,,,,,
8/10/2020 19:22:18,dingyua6,Hyperlipidemia,BMI,Vegetables,Central_Obesity,Hyperlipidemia,BMI,Gender,Vegetables,BMI,~18.5,Hyperlipidemia,NO,Diabetes,NO,Activity,Sufficient,Hypertension,NO,Central_Obesity,NO,0.7135,BMI,~18.5,Central_Obesity,YES,Region,City,Hypertension,YES,Activity,Insufficient ,Hyperlipidemia,YES,0.07376,,,,,,
8/10/2020 19:50:00,luraymon,Hyperlipidemia,Diabetes,Vegetables,Hypertension,Hyperlipidemia,BMI,Central_Obesity,Diabetes,Hyperlipidemia,YES',Activity,Insufficient',Gender,Male',Age,~60',Vegetables,<400g/d',Central_Obesity,YES',0.7666289199,Hyperlipidemia,NO',Activity,Insufficient',Gender,Male',Age,~60',Vegetables,<400g/d',Diabetes,YES',0.2121567169,,,,,,
8/10/2020 19:57:41,zhuhaot1,Hyperlipidemia,BMI,Vegetables,Hypertension,Hyperlipidemia,BMI,Central_Obesity,Diabetes,Hyperlipidemia,NO,BMI,~28.0,Central_Obesity,NO,Gender,Female,Age,<40,Activity,Sufficient,0.6622772966,Hyperlipidemia,YES,BMI,~28.0,Central_Obesity,NO,Diabetes,NO,Age,<40,Activity,Sufficient,0.2795724609,,,,,,
8/10/2020 20:28:04,ansari54,Hyperlipidemia,Vegetables,Central_Obesity,Central_Obesity,Gender,Hyperlipidemia,BMI,Activity,BMI,0.2,Central_Obesity,0.29,Hypertension,0.45,Diabetes,0.46,Hyperlipidemia,0.57,Age,0.57,0.57,Vegetables,0.3,Hyperlipidemia,0.28,Gender,0.28,Activity,0.28,Age,0.28,Hypertension,0.28,0.28,,,,,,
8/10/2020 21:25:37,chenka46,Hyperlipidemia,BMI,Vegetables,Hyperlipidemia,Hypertension,Central_Obesity,BMI,Diabetes,Activity,Insufficient,BMI,~28.0,Central_Obesity,YES,Hyperlipidemia,YES,Gender,Female,Age,~60,0.482,Region,Countryside,BMI,~28.0,Central_Obesity,YES,Diabetes,YES,Hyperlipidemia,NO,Hypertension,YES,0.371,,,,,,
8/10/2020 22:41:22,abdall77,Hyperlipidemia,Central_Obesity,Vegetables,Hypertension,Hyperlipidemia,Central_Obesity,BMI,Diabetes,Activity,Insufficient,Central_Obesity,YES,Diabetes,YES,Hyperlipidemia,YES,Gender,Female,Age,~60,0.482,Activity,Insufficient,Region,City,Hypertension,NO,Central_Obesity,NO,BMI,<18.5,Hyperlipidemia,NO,0.353952072,,,,,,
8/11/2020 0:00:08,liangka7,Hyperlipidemia,Vegetables,Gender,BMI,Gender,Hyperlipidemia,Vegetables,Activity,Gender,Male,Hyperlipidemia,YES,Vegetables,<400g/d,BMI,~18.5,Central_Obesity,YES,Hypertension,YES,0.571,Vegetables,>500g/d,Hyperlipidemia,YES,Region,City,Diabetes,YES,Age,~40,Activity,Normal,0.137,,,,,,
8/11/2020 0:10:17,nagrapa2,Hyperlipidemia,Central_Obesity,Gender,Gender,Central_Obesity,BMI,Hyperlipidemia,Activity,Activity,Insufficient,BMI,~28.0,Central_Obesity,YES,Hypertension,YES,Hyperlipidemia,YES,Age,~60,0.470009,Diabetes,YES,BMI,~18.5,Central_Obesity,NO,Hypertension,NO,Hyperlipidemia,NO,Gender,Male,0.221,,,,,,
8/11/2020 0:19:39,liangka7,Hyperlipidemia,Vegetables,Gender,BMI,Gender,Hyperlipidemia,Vegetables,Activity,Gender,Male,Hyperlipidemia,YES,Vegetables,<400g/d,BMI,~18.5,Central_Obesity,YES,Hypertension,YES,0.571,Vegetables,>500g/d,Hyperlipidemia,YES,Region,City,Diabetes,YES,Age,~40,Activity,Normal,0.137,,,,,,
8/11/2020 0:31:05,wanghe15,Hyperlipidemia,Vegetables,Age,Region,Diabetes,Hypertension,Activity,Hyperlipidemia,Activity,Insufficient,BMI,~18.5,Central_Obesity,yes,Hypertension,yes,Hyperlipidemia,Yes,Hyperlipidemia,Yes,0.47,BMI,0.373,Hypertension,yes,Region,countryside,Vegetables,<400g/d,Hyperlipidemia,yes,Central_Obesity,yes,0.07,,,,,,
8/11/2020 1:03:59,xiazhong,Hyperlipidemia,Vegetables,BMI,BMI,Gender,Region,Hyperlipidemia,Activity,BMI,~28.0,Central_Obesity,YES,Gender,Male,Vegetables,<400g/d,Hyperlipidemia,YES,Age,~40,0.4142356457,BMI,~18.5,Central_Obesity,YES,Hypertension,YES,Vegetables,<400g/d,Age,~60,Gender,Male,0.1201989102,,,,,,
8/11/2020 2:08:14,ratnaya6,Hyperlipidemia,Central_Obesity,Vegetables,Gender,Central_Obesity,Hyperlipidemia,BMI,Activity,Activity,Insufficient,BMI,~28.0,Central_Obesity,YES,Hypertension,YES,Hyperlipidemia,YES,Age,~60,0.470009,Diabetes,YES,BMI,~18.5,Central_Obesity,NO,Hypertension,NO,Hyperlipidemia,NO,Age,<40,0.221,,,,,,
8/11/2020 2:24:48,liutia86,Hyperlipidemia,BMI,Vegetables,BMI,Age,Hyperlipidemia,Hypertension,Activity,Activity,1,Age,1,Hyperlipidemia,0,Central_Obesity,1,BMI,0,Vegetables,3,0.32,Age,1,Diabetes,0,BMI,0,Central_Obesity,1,Region,0,Hypertension,0,0.62,,,,,,
8/11/2020 4:14:36,caowenka,BMI,Vegetables,Hyperlipidemia,Gender,Age,Vegetables,Hyperlipidemia,Activity,Central_Obesity,yes,Hypertension,yes,Activity,insufficient,Age,~60,Diabetes,yes,Gender,male,0.7780728396,BMI,~18.5,Hypertension,yes,Region,countryside,Vegetables,<400g/d,Central_Obesity,yes,Activity,insufficient,0.1174412598,,,,,,
8/11/2020 4:59:47,chenha85,Hyperlipidemia,Vegetables,Gender,Hypertension,Hyperlipidemia,Central_Obesity,BMI,Region,Activity,Insufficient,BMI,~18.5,Central_Obesity,YES,Hyperlipidemia,YES,Gender,Female,Age,~60,0.482,Region,Countryside,BMI,~18.5,Central_Obesity,YES,Hypertension,YES,Gender,Female,Hyperlipidemia,~60,0.371,,,,,,
8/11/2020 7:44:10,yangmat3,Hyperlipidemia,Central_Obesity,Activity,Hypertension,Hyperlipidemia,BMI,Central_Obesity,Diabetes,BMI,~18.5,Central_Obesity,NO,Hypertension,NO,Hyperlipidemia,NO,Vegetables,<400g/d,Gender,Male,0.7135026649,BMI,~18.5,Central_Obesity,YES,Hypertension,YES,Hyperlipidemia,YES,Region,Countryside,Vegetables,>500g/d,0.07376294247,,,,,,
8/11/2020 11:12:23,liujack8,Hyperlipidemia,BMI,Vegetables,Hypertension,Hyperlipidemia,Central_Obesity,BMI,Age,Activity,Insufficient,Central_Obesity,YES,Hypertension,YES,Age,~60,BMI,~28.0,Gender,Female,0.46,Diabetes,YES,Vegetables,>500g/d,Age,<40,Activity,Sufficient,Central_Obesity,NO,BMI,<18.5,0.24,,,,,,
8/11/2020 11:34:02,jiang197,Hyperlipidemia,Vegetables,Diabetes,BMI,Activity,Hyperlipidemia,Vegetables,Central_Obesity,BMI,~28.0,Central_Obesity,YES,Hypertension,YES,Hyperlipidemia,YES,Vegetables,<400g/d,Gender,Male,0.57,BMI,~18.5,Central_Obesity,YES,Hypertension,YES,Hyperlipidemia,YES,Vegetables,<400g/d,Gender,Male,0.07,,,,,,
8/11/2020 11:42:54,liuxi196,Hyperlipidemia,BMI,Vegetables,Gender,Hypertension,Hyperlipidemia,BMI,Activity,Activity,0.3917636,Region,0.3916742,Hypertension,0.404347,Central_Obesity,0.408117,BMI,0.39,Hyperlipidemia,0.43619895,0.436198,Activity,0.39176,Age,0.40727,Gender,0.419996,BMI,0.421,Region,0.42,Vegetables,0.42,0.42,,,,,,
8/11/2020 12:18:18,zhanzhir,Hyperlipidemia,Hypertension,Gender,BMI,Gender,Hyperlipidemia,Diabetes,Activity,BMI,~24.0,Central_Obesity,NO,Hypertension,YES,Vegetables,<400g/d,Region,Countryside,Hyperlipidemia,YES,0.484516647,BMI,~18.5,Central_Obesity,NO,Hypertension,YES,Vegetables,<400g/d,Gender,Male,Hyperlipidemia,YES,0.445915156,,,,,,
8/11/2020 12:22:05,downieth,Hyperlipidemia,Region,Vegetables,Age,Gender,Hypertension,Hyperlipidemia,Activity,Hyperlipidemia,NO,BMI,~18.5,Region,City,Age,<40,Vegetables,400-500g/d,Gender,Female,0.89,Activity,Insufficient,BMI,~18.5,Gender,Male,Vegetables,>500g/d,Age,<40,Diabetes,NO,0.291,,,,,,
8/11/2020 12:35:53,goyalak2,Hyperlipidemia,Central_Obesity,Gender,Hypertension,Hyperlipidemia,BMI,Central_Obesity,Age,Activity,Activity = Insufficient,Hypertension,Hypertension = YES,Hyperlipidemia,Hyperlipidemia = YES,Age,Age = ~60,Gender,Gender = Female,Central_Obesity,CentralObesity = YES,0.482,Activity,Activity = Sufficient,BMI,BMI = ~28.0,Central_Obesity,CentralObesity = YES,Hyperlipidemia,HL = YES,Gender,Gender = Female,Hypertension,YES,0.228,,,,,,
8/11/2020 13:23:13,abdul180,Hyperlipidemia,Hypertension,Gender,Gender,BMI,Hyperlipidemia,Central_Obesity,Activity,Central_Obesity,NO,BMI,~18.5,Hyperlipidemia,NO,Age,<40,Region,Countryside,Hypertension,NO,0.6156324606,Hyperlipidemia,NO,Region,Countryside,Diabetes,YES,Age,~60,Gender,Male,Vegetables,<400g/d,0.2095107692,,,,,,
8/11/2020 13:38:38,allabwan,Hyperlipidemia,Central_Obesity,Vegetables,Age,Central_Obesity,Hyperlipidemia,Hypertension,Activity,Hyperlipidemia,YES,BMI,~28.0,Diabetes,YES,Central_Obesity,YES,Vegetables,<400g/d,Age,~60,0.838,Hypertension,YES,BMI,~18.5,Diabetes,NO,Central_Obesity,NO,Region,Countryside,Age,<40,0.105,,,,,,
8/11/2020 13:46:14,wangelen,Hyperlipidemia,Vegetables,BMI,Age,Gender,Hyperlipidemia,Region,Activity,Hyperlipidemia,YES,Vegetables,<400g/d,Gender,Male,Activity,Insufficient,Age,~60,Diabetes,YES,0.7878,Hypertension,YES,Region,Countryside,Diabetes,NO,Age,<40,Activity,Sufficient,Gender,Female,0.164,,,,,,
8/11/2020 14:35:16,chiahjia,Gender,Hyperlipidemia,BMI,Hypertension,Hyperlipidemia,Region,Central_Obesity,BMI,BMI,<18.5,Hypertension,no,Region,city,Vegetables,>500g/d,Central_Obesity,no,Activity,sufficient,0.6993078826,BMI,~18.5,Hypertension,yes,Region,countryside ,Vegetables,<400g/ld,Central_Obesity,yes,Activity,insufficient,0.1174412598,,,,,,
8/11/2020 14:38:43,chodiony,Hyperlipidemia,BMI,Vegetables,Age,Gender,Hyperlipidemia,Vegetables,Activity,BMI,<18.5,Activity,Normal,Vegetables,400-500g/d,Gender,Female,Region,Countryside,Age,<40,0.0271,Hyperlipidemia,NO,Region,Countryside,Age,~40,Activity,Insufficient,Gender,Male,BMI,~24.0,0.4282,,,,,,
8/11/2020 15:01:42,vieirav2,Hyperlipidemia,BMI,Vegetables,Hypertension,Gender,Central_Obesity,BMI,Diabetes,Hyperlipidemia,YES,Gender,Male,Region,Countryside,Age,~60,Activity,Insufficient,Diabetes,YES,0.683869,Central_Obesity,YES,Hypertension,NO,Vegetables,>500g/d,Diabetes,NO,Activity,Sufficient,BMI,~18.5,0.387418,,,,,,
8/11/2020 15:04:37,zhanzhir,Hyperlipidemia,Hypertension,Gender,Gender,Age,Hyperlipidemia,Diabetes,Activity,BMI,~24.0,Central_Obesity,NO,Hypertension,YES,Vegetables,<400g/d,Region,Countryside,Hyperlipidemia,YES,0.484516647,BMI,~18.5,Central_Obesity,NO,Hypertension,YES,Vegetables,<400g/d,Gender,Male,Hyperlipidemia,YES,0.445915156,,,,,,
8/11/2020 15:14:38,vadayat1,Hyperlipidemia,BMI,Gender,BMI,Gender,Hyperlipidemia,Central_Obesity,Activity,Activity,insufficient,BMI,~28.0,Central_Obesity,YES,Region,CountrySide,Diabetes,YES,Gender,Female,0.4287778938,Vegetables,<400g/d,BMI,~28.0,Region,City,Diabetes,NO,Activity,Sufficient,Central_Obesity,NO,0.391639678,,,,,,
8/11/2020 16:55:26,lukaifen,Hyperlipidemia,Vegetables,Gender,Hypertension,Vegetables,Central_Obesity,BMI,Diabetes,Hyperlipidemia,NO,BMI,<18.5,Central_Obesity,NO,Vegetables,>500g/d,Gender,Female,Region,City,0.3,Hyperlipidemia,NO,BMI,~28.0,Central_Obesity,YES,Vegetables,<400g/d,Gender,Male,Region,Countryside,0.3,,,,,,
8/11/2020 17:04:53,rotholiv,Hyperlipidemia,BMI,Vegetables,Hypertension,Hyperlipidemia,BMI,Central_Obesity,Diabetes,Diabetes,YES,Gender,Male,Vegetables,<400g/d,Activity,Insufficient,Age,~60,Hyperlipidemia,YES,0.6484,Region,Countryside,Diabetes,YES,Age,~60,Central_Obesity,YES,Hypertension,YES,BMI,~18.5,0.3839,,,,,,
8/11/2020 17:37:39,dingyua6,Hyperlipidemia,BMI,Vegetables,BMI,Vegetables,Central_Obesity,Hyperlipidemia,Age,BMI,~18.5,Hyperlipidemia,NO,Diabetes,NO,Activity,Sufficient,Hypertension,NO,Central_Obesity,NO,0.7135,BMI,~18.5,Central_Obesity,YES,Region,City,Age,~60,Activity,Insufficient,Hyperlipidemia,YES,0.1072,,,,,,
8/11/2020 17:37:57,yanyuqi2,Hyperlipidemia,Diabetes,Vegetables,Gender,Hypertension,Hyperlipidemia,Vegetables,Activity,Gender,Male,Hypertension,YES,Age,~60,Region,Countryside,Vegetables,<400g/d,Diabetes,YES,0.5484069147,Hyperlipidemia,NO,Gender,Male,Activity,Insufficient,Age,~60,Diabetes,YES,Central_Obesity,YES,0.3060280299,,,,,,
8/11/2020 18:08:59,shijiaka,Hyperlipidemia,Vegetables,Gender,Hypertension,Hyperlipidemia,BMI,Central_Obesity,Diabetes,Central_Obesity,NO,BMI,~18.5,Hypertension,NO,Hyperlipidemia,NO,Vegetables,<400g/d,Region,Countryside,0.616,Central_Obesity,YES,BMI,~18.5,Hypertension,NO,Hyperlipidemia,NO,Vegetables,<400g/d,Region,Countryside,0.384,,,,,,
8/11/2020 18:12:11,tengmin1,Hyperlipidemia,Central_Obesity,Gender,Hypertension,Hyperlipidemia,BMI,Central_Obesity,Region,BMI,~24.0,Central_Obesity,YES,Hyperlipidemia,yesyes,Age,<40,Diabetes,NO,Region,Countryside,0.54,BMI,~28.0,Central_Obesity,YES,Hyperlipidemia,NO,Age,<40,Diabetes,NO,Region,Countryside,0.108,,,,,,
8/11/2020 18:19:37,ahmedum5,Hyperlipidemia,Vegetables,Diabetes,BMI,Vegetables,Central_Obesity,Hyperlipidemia,Hypertension,BMI,~18.5,Central_Obesity,YES,Hypertension,YES,Hyperlipidemia,YES,Vegetables,<400g/d,Gender,Male,0.5708493459,BMI,~18.5,Central_Obesity,YES,Hypertension,YES,Hyperlipidemia,YES,Vegetables,>500g/d,Region,City,0.07376294247,,,,,,
8/11/2020 18:46:16,srimuru3,Hyperlipidemia,BMI,Diabetes,Hypertension,Hyperlipidemia,Region,Diabetes,Central_Obesity,Activity,Sufficient,Central_Obesity,NO,Age,<40,Gender,Male,BMI,<18.5,Hyperlipidemia,NO,0.338,Hyperlipidemia,YES,Activity,Sufficient,Age,<40,Diabetes,NO,Region,City,BMI,<18.5,0.02028353,,,,,,
8/11/2020 19:08:33,linshar2,Hyperlipidemia,Central_Obesity,Vegetables,Gender,Hypertension,Hyperlipidemia,BMI,Activity,Activity,Insufficient,Central_Obesity,YES,Vegetables,<400g/d,Gender,Female,Hyperlipidemia,YES,Age,~60,0.482,Activity,Insufficient,Diabetes,NO,Hypertension,NO,Gender,Male,BMI,<18.5,Hyperlipidemia,NO,0.342,,,,,,
8/11/2020 19:12:20,abdall77,Hyperlipidemia,Central_Obesity,Vegetables,Gender,Hypertension,Hyperlipidemia,BMI,Activity,Activity,Insufficient,Central_Obesity,YES,Diabetes,YES,Hyperlipidemia,YES,Gender,Female,Age,~60,0.482,Activity,Insufficient,Region,City,Hypertension,NO,Central_Obesity,NO,BMI,<18.5,Hyperlipidemia,NO,0.35395,,,,,,
8/11/2020 20:15:05,liutia86,Hyperlipidemia,BMI,Vegetables,Hyperlipidemia,Hypertension,BMI,Central_Obesity,Diabetes,Hyperlipidemia,NO ,Diabetes,NO,Hypertension,NO,Age,<40,Central_Obesity,NO,BMI,<18.5,0.97,Hyperlipidemia,NO,Age,~60,Diabetes,YES,Hypertension,NO,Central_Obesity,YES,BMI,~28.0,0.105,,,,,,
8/11/2020 20:17:59,furaijiy,Hyperlipidemia,BMI,Vegetables,Hypertension,Hyperlipidemia,BMI,Central_Obesity,Age,Activity,Insufficient,BMI,~18.5,Central_Obesity,YES,Hypertension,YES,Hyperlipidemia,YES,Gender,Female,0.470009,Activity,Sufficient,BMI,~18.5,Central_Obesity,YES,Hypertension,YES,Hyperlipidemia,YES,Age,~60,0.235562,,,,,,
8/11/2020 20:48:00,berrysea,Hyperlipidemia,BMI,Vegetables,Hypertension,Hyperlipidemia,Central_Obesity,BMI,Diabetes,Hyperlipidemia,YES,Diabetes,YES,Vegetables,<400g/d,Region,Countryside,Age,~60,Activity,Insufficient,0.7921273852,BMI,~28.0,Vegetables,>500g/d,Region,Countryside,Age,<40,Hypertension,NO,Central_Obesity,NO,0.005200129569,,,,,,
8/11/2020 21:14:06,songzhif,Hyperlipidemia,Vegetables,Age,Hypertension,Hyperlipidemia,BMI,Central_Obesity,Diabetes,Hyperlipidemia,YES,Region,Countryside,Diabetes,YES,Age,~60,Vegetables,<400g/d,Gender,Male,0.7904892308,Hypertension,YES,Region,Countryside,Diabetes,NO,Age,<40,Central_Obesity,NO,BMI,<18.5,0.009934349557,,,,,,
8/11/2020 21:15:10,wangnic8,BMI,Hypertension,Hyperlipidemia,Hypertension,Hyperlipidemia,BMI,Central_Obesity,Age,Hyperlipidemia,YES,BMI,~28.0,Vegetables,<400g/d,Gender,Male,Diabetes,YES,Age,~60,0.8554,Hypertension,NO,Diabetes,YES,BMI,~28.0,Age,~60,Region,City,Central_Obesity,YES,0.0699,,,,,,
8/11/2020 21:20:34,liutia86,Hyperlipidemia,BMI,Vegetables,Hypertension,Hyperlipidemia,BMI,Central_Obesity,Diabetes,Hyperlipidemia,YES,Age,~60,Vegetables,<400g/d,Central_Obesity,YES,Diabetes,YES,BMI,~28.0,0.838,Hyperlipidemia,YES,Activity,Sufficient,Age,<40,Hypertension,NO,Central_Obesity,NO,Diabetes,NO,0.0726,,,,,,
8/11/2020 21:29:32,zhaoxua7,Hyperlipidemia,Vegetables,BMI,Age,Gender,Hyperlipidemia,BMI,Activity,BMI,~18.5,Hypertension,NO,Central_Obesity,NO,Gender,Male,Region,City,Vegetables,400-500g/d,0.67,BMI,~18.5,Hypertension,YES,Hyperlipidemia,YES,Gender,Male,Region,City,Age,~40,0.128,,,,,,
8/11/2020 21:38:58,suchangl,Hyperlipidemia,BMI,Vegetables,Hyperlipidemia,Hypertension,BMI,Central_Obesity,Diabetes,BMI,~28.0,Hypertension,YES,Vegetables,<400g/d,Gender,Male,Hyperlipidemia,YES,Region,City',0.4971267085,BMI,~18.5,Hypertension,YES,Hyperlipidemia,YES,Activity,Sufficient,Vegetables,<400g/d,Region,Countryside,0.1282780608,,,,,,
8/11/2020 21:45:40,contejas,Hyperlipidemia,Central_Obesity,Vegetables,Vegetables,Hypertension,Hyperlipidemia,Activity,Age,Hyperlipidemia,Yes,Age,~60,Activity,Insufficient,Vegetables,<400g/d,Central_Obesity,Yes,BMI,~28,0.83348,BMI, ,Activity, ,Hyperlipidemia, ,BMI, ,Diabetes, ,Gender, ,1,,,,,,
8/11/2020 21:47:58,zhan4001,Hyperlipidemia,Central_Obesity,Vegetables,BMI,Age,Hypertension,Hyperlipidemia,Activity,Central_Obesity,YES,Hypertension,YES,BMI,~24.0,Gender,Male,Diabetes,YES,Activity,Insufficient,0.795,Central_Obesity,NO,Hypertension,YES,BMI,~24.0,Gender,Male,Diabetes,YES,Activity,Insufficient,0.205,,,,,,
8/11/2020 22:40:06,punfrede,Hyperlipidemia,BMI,Vegetables,Vegetables,Gender,BMI,Central_Obesity,Hyperlipidemia,Activity,Sufficient,Central_Obesity,NO,Hyperlipidemia,NO,Age,<40,BMI,~24.0,Gender,Male,0.338,Hyperlipidemia,NO,Activity,Insufficient,Vegetables,<400g/d,Central_Obesity,YES,BMI,~28.0,Diabetes,YES,0.15,,,,,,
8/11/2020 22:41:28,wangwenf,Hyperlipidemia,Vegetables,BMI,Hypertension,Hyperlipidemia,Central_Obesity,BMI,Region,Activity,Sufficient,BMI,~18.5,Central_Obesity,NO,Hypertension,NO,Hyperlipidemia,NO,Age,<40,0.323832,Activity,Sufficient,Region,Countryside,Diabetes,YES,Age,~40,Vegetables,<400g/d,Gender,Female,0.2411684343,,,,,,
8/11/2020 23:08:24,jaipers5,Hyperlipidemia,Gender,Vegetables,Hypertension,Vegetables,BMI,Central_Obesity,Diabetes,Diabetes,YES,Hypertension,YES,Hyperlipidemia,YES,BMI,~18.5,Central_Obesity,YES,Gender,Male,0.69,Activity,Normal,Gender,Male,Age,~40,Hyperlipidemia,YES,Central_Obesity,NO,Vegetables,<400g/d,0.29,,,,,,
8/11/2020 23:18:43,lamarrea,Hypertension,Vegetables,BMI,Hyperlipidemia,Hypertension,BMI,Activity,Age,BMI,~18.5,Central_Obesity,NO,Region,City,Hypertension,NO,Gender,Female,Age,<40,0.6887464186,BMI,~18.5,Central_Obesity,YES,Hyperlipidemia,YES,Region,City,Vegetables,>500g/d,Age,~40,0.1076476914,,,,,,
8/12/2020 0:09:22,masong,Hyperlipidemia,Central_Obesity,Vegetables,Gender,Age,Hyperlipidemia,Diabetes,Activity,Activity,Insufficient,BMI,~28,Hypertension,YES,Hyperlipidemia,YES,Age,~60,Gender,Female,0.482,Activity,Sufficient,BMI,<18.5,Central_Obesity,NO,Hyperlipidemia,NO,Age,<40,Gender,Male,0.338,,,,,,
8/12/2020 0:56:28,lukaifen,Hyperlipidemia,BMI,Vegetables,Hypertension,Hyperlipidemia,Central_Obesity,BMI,Diabetes,Hyperlipidemia,YES,Vegetables,<400g/d,Gender,Male,Central_Obesity,YES,BMI,~28.0,Region,Countryside,0.8337582095,Hyperlipidemia,YES,Vegetables,>500g/d,Gender,Female,Central_Obesity,NO,BMI,<18.5,Region,City,0.02425463694,,,,,,
8/12/2020 1:27:38,jaipers5,Hyperlipidemia,Gender,Vegetables,Hypertension,Vegetables,BMI,Central_Obesity,Diabetes,Diabetes,YES,Hypertension,YES,Hyperlipidemia,YES,BMI,~18.5,Central_Obesity,YES,Gender,Male,0.69,Activity,Normal,Gender,Male,Age,~40,Hyperlipidemia,YES,Central_Obesity,NO,Vegetables,<400g/d,0.29,,,,,,
8/12/2020 9:49:43,hawkin49,Hyperlipidemia,Central_Obesity,Gender,Diabetes,Central_Obesity,Hypertension,Hyperlipidemia,BMI,Vegetables,<400g/d,BMI,~ 24,Central_Obesity,YES,Hyperlipidemia,YES,Gender,Male,Activity,Insufficient,0.24,Region,City,BMI,~ 28,Central_Obesity,NO,Hyperlipidemia,YES,Age,<40,Activity,Sufficient,0.16,,,,,,
8/12/2020 10:47:37,chosun19,Hyperlipidemia,Vegetables,BMI,BMI,Diabetes,Hypertension,Hyperlipidemia,Central_Obesity,Vegetables,<400g/d,Activity,Insufficient,Central_Obesity,YES,Hypertension,YES,Hyperlipidemia,YES,Age,~60,0.579,BMI,~18.5,Activity,Insufficient,Central_Obesity,YES,Hypertension,Hypertension,Hyperlipidemia,YES,Age,~60,0.07376294247,,,,,,
8/12/2020 12:19:23,huzaifa3,Hyperlipidemia,Central_Obesity,Vegetables,Hyperlipidemia,Hypertension,Diabetes,Region,BMI,Activity,Insufficient,BMI,~28.0,Hyperlipidemia,YES,Hypertension,YES,Age,~60,Gender,FEMALE,0.482,Diabetes,NO,Hypertension,YES,Hyperlipidemia,YES,Age,~60,Central_Obesity,YES,BMI,~28.0,0.307,,,,,,
8/12/2020 13:24:15,shanqiti,Age,Hyperlipidemia,Vegetables,BMI,Vegetables,Gender,Central_Obesity,Hypertension,Hypertension,YES,Region,CITY,Age,~60,Diabetes,YES,Hyperlipidemia,NO,BMI,~28.0,0.9289,Hypertension,YES,Central_Obesity,NO,Region,Countryside,Age,<40,Diabetes,NO,BMI,<18.5,0.019,,,,,,
8/12/2020 15:19:18,huan2500,BMI,Vegetables,Hypertension,Hypertension,Hyperlipidemia,BMI,Vegetables,Central_Obesity,BMI,~28.0,Central_Obesity,YES,Hypertension,YES,Hyperlipidemia,YES,Vegetables,<400g/d,Age,~60,0.5708,BMI,~18.5,Central_Obesity,YES,Hypertension,YES,Hyperlipidemia,YES,Vegetables,<400g/d,Gender,Male,0.07376,,,,,,
8/12/2020 16:07:37,roussel6,Hyperlipidemia,BMI,Gender,Hypertension,Hyperlipidemia,Central_Obesity,BMI,Diabetes,Activity,Insufficient,Central_Obesity,YES,Hypertension,YES,Hyperlipidemia,YES,Gender,Female,Age,~60,0.482,Activity,Sufficient,Central_Obesity,YES,Hypertension,YES,Hyperlipidemia,YES,Gender,Female,Age,~60,0.223,,,,,,
8/12/2020 17:41:35,chanja51,Hyperlipidemia,Diabetes,Vegetables,Age,Gender,Vegetables,Hyperlipidemia,Activity,Activity,Insufficient,Vegetables,>500g/d,BMI,~28.0,Hyperlipidemia,YES,Gender,Female,Age,~60,0.482,Age,~60,Activity,Sufficient,Hyperlipidemia,NO,Diabetes,NO,Region,Countryside,Hypertension,NO,0.22,,,,,,
8/12/2020 17:45:40,ouyang20,Hyperlipidemia,Gender,Activity,Hyperlipidemia,Hypertension,Central_Obesity,BMI,Diabetes,BMI,~28.0,Central_Obesity,YES,Hypertension,YES,Diabetes,YES,Age,~60,Activity,Insufficient,0.4772,BMI,~18.5,Hypertension,YES,Region,Countryside,Hyperlipidemia,YES,Gender,Female,Activity,Sufficient,0.128,,,,,,
8/12/2020 18:36:28,chazhoo1,Hyperlipidemia,Vegetables,BMI,BMI,Diabetes,Region,Age,Hyperlipidemia,BMI,~18.5,Central_Obesity,NO,Hypertension,NO,Hyperlipidemia,NO,Vegetables,<400g/d,Gender,Male,0.687,BMI,~18.5,Central_Obesity,YES,Hypertension,YES,Hyperlipidemia,YES,Vegetables,<400g/d,Gender,Female,0.228,,,,,,
8/12/2020 18:40:49,punfrede,Hyperlipidemia,BMI,Vegetables,Hypertension,Activity,BMI,Central_Obesity,Diabetes,Activity,Sufficient,Central_Obesity,NO,Hyperlipidemia,NO,Age,<40,BMI,~24.0,Gender,Male,0.34,Hyperlipidemia,NO,Activity,Insufficient,Vegetables,<400g/d,Central_Obesity,YES,BMI,~28.0,Diabetes,YES,0.15,,,,,,
8/12/2020 18:44:11,luochufa,Hyperlipidemia,BMI,Vegetables,Age,Gender,Hypertension,Hyperlipidemia,Activity,Hyperlipidemia,YES,BMI,~28.0,Central_Obesity,YES,Diabetes,YES,Age,~60,Activity,Insufficient,0.747,Hypertension,YES,Vegetables,>500g/d,Hyperlipidemia,NO,Activity,Sufficient,Age,<40,BMI,<18.5,0.027,,,,,,
8/12/2020 18:54:09,ashraf27,Hyperlipidemia,Central_Obesity,Vegetables,Gender,Central_Obesity,Hyperlipidemia,BMI,Activity,Activity,Insufficient,BMI,28,Central_Obesity,yes,Hypertension,yes,Hyperlipidemia,yes,Age,60,0.47,Diabetes,yes,BMI,18.5,Central_Obesity,no,Hypertension,no,Hyperlipidemia,no,Age,40,0.221,,,,,,
8/12/2020 19:24:37,huangv11,Hyperlipidemia,Vegetables,Age,Activity,Hypertension,Gender,Age,BMI,Activity,Insufficient,Age,~60,Gender,Female,Vegetables,<400g/d,Diabetes,YES,Hypertension,NO,0.4685404855,Activity,Insufficient,Gender,Male,Hypertension,NO,Region,City,Central_Obesity,NO,BMI,~18.5,0.3577494452,,,,,,
8/12/2020 19:50:02,huangv11,Hyperlipidemia,Vegetables,Age,Activity,Hypertension,Age,Gender,BMI,Activity,Insufficient,Age,~60,Gender,Female,Vegetables,<400g/d,Diabetes,YES,Hypertension,NO,0.4685404855,Activity,Insufficient,Gender,Male,Hypertension,NO,Central_Obesity,NO,BMI,~18.5,Hyperlipidemia,NO,0.341802,,,,,,
8/12/2020 20:45:13,khanha11,Hyperlipidemia,Central_Obesity,Vegetables,BMI,Region,Hypertension,Hyperlipidemia,Central_Obesity,Activity,Insufficient,Gender,Female,Age,~60,Hyperlipidemia,YES,BMI,~24.0,Central_Obesity,YES,0.482,Activity,Normal,Gender,Male,Age,~60,Hyperlipidemia,YES,BMI,~18.5,Diabetes,NO,0.294,,,,,,
8/12/2020 21:11:52,moazmuha,Hyperlipidemia,Central_Obesity,Vegetables,BMI,Region,Hypertension,Hyperlipidemia,Central_Obesity,Activity,insufficient,Gender,male,Age,60,Hyperlipidemia,yes,BMI,24,Central_Obesity,yes,0.46,Activity,normal,Gender,male,Age,60,Hyperlipidemia,yes,BMI,18.5,Diabetes,no,0.29,,,,,,
8/12/2020 21:52:53,lingord1,Hyperlipidemia,BMI,Vegetables,Diabetes,Age,Hypertension,Hyperlipidemia,Gender,Activity,Insufficient,BMI,~18.5,Central_Obesity,YES,Hyperlipidemia,YES,Gender,Female,Age,~60,0.470009,Age,N/A,Age,N/A,Age,N/A,Age,N/A,Age,N/A,Age,N/A,0,,,,,,
8/12/2020 22:52:27,jalalsam,Hypertension,Region,Diabetes,Age,Gender,Hypertension,Hyperlipidemia,Activity,Central_Obesity,No,Age,~60,Hyperlipidemia,YES,Hypertension,YES,BMI,~28,Gender,Male,0.98,Hypertension,Yes,Central_Obesity,No,Region,Countryside,Diabetes,No,Age,< 40,Activity,Sufficient,0.107,,,,,,
8/12/2020 22:53:12,poddaran,Hypertension,Diabetes,Region,Gender,Age,Hyperlipidemia,Hypertension,Activity,Central_Obesity,YES,Age,~60,Vegetables,<400g/d,Hypertension,YES,Hyperlipidemia,YES,BMI,~28.0,0.98,Diabetes,YES,Vegetables,>500g/d,Activity,Sufficient,Age,<40,Central_Obesity,NO,Hypertension,NO,0.24,,,,,,
8/13/2020 0:00:40,duongke8,Diabetes,BMI,Hypertension,Vegetables,Region,Diabetes,Age,Hyperlipidemia,Activity,Sufficient,Age,<40,Gender,Male,Hyperlipidemia,NO,Central_Obesity,NO,BMI,~18.5,0.33,BMI,~28,Region,City,Diabetes,No,Hypertension,NO,Hyperlipidemia,NO,Central_Obesity,NO,0.14,,,,,,
8/13/2020 0:50:21,xuyexion,Hyperlipidemia,BMI,Vegetables,Hypertension,Hyperlipidemia,Central_Obesity,BMI,Diabetes,Hyperlipidemia,YES,Vegetables,<400g/d,BMI,~28.0,Central_Obesity,YES,Region,City,Diabetes,YES,0.5836091796,Hyperlipidemia,NO,Vegetables,<400g/d,BMI,~28.0,Central_Obesity,YES,Region,City,Diabetes,YES,0.4163908204,,,,,,
8/13/2020 1:05:41,yuqinxi,Hyperlipidemia,BMI,Vegetables,Hypertension,Hyperlipidemia,Central_Obesity,BMI,Age,Hyperlipidemia,Yes,Vegetables,<400g/d,Gender,Female,Activity,Insufficient,Age,~60,Diabetes,Yes,0.7639660366,Hyperlipidemia,No,Vegetables,<400g/d,Gender,Female,Activity,Insufficient,Age,~60,Diabetes,YES,0.2360339634,,,,,,
8/13/2020 2:00:45,liming51,Hyperlipidemia,Vegetables,BMI,Hypertension,Hyperlipidemia,Central_Obesity,Diabetes,Region,Activity,Insufficient,BMI,~24.0,Central_Obesity,YES,Hypertension,YES,Hyperlipidemia,YES,Vegetables,<400g/d,0.436198952,Central_Obesity,YES,BMI,~18.5,Hypertension,YES,Hyperlipidemia,YES,Vegetables,<400g/d,Gender,Female,0.411,,,,,,
8/13/2020 3:53:17,chaud349,Vegetables,Hyperlipidemia,Hypertension,Hypertension,Hyperlipidemia,BMI,Central_Obesity,Diabetes,Central_Obesity,YES,Diabetes,YES,Vegetables,<400g/d,Hyperlipidemia,YES,Hypertension,YES,BMI,~28.0,0.9774,Central_Obesity,YES,Hypertension,NO,Diabetes,NO,Age,<40,Hyperlipidemia,NO,BMI,<18.5,0.0104,,,,,,
8/13/2020 7:51:35,dajanir1,Hyperlipidemia,BMI,Vegetables,Region,Diabetes,Hypertension,Hyperlipidemia,Central_Obesity,Activity,Insufficient,BMI,~18.5,Central_Obesity,YES,Hyperlipidemia,YES,Gender,Female,Age,~60,0.482,Hyperlipidemia,YES,BMI,~18.5,Central_Obesity,NO,Diabetes,NO,Age,<40,Vegetables,>500g/d,0.02951180039,,,,,,
8/13/2020 12:34:12,jiang197,Hyperlipidemia,Vegetables,Diabetes,Hypertension,Hyperlipidemia,Central_Obesity,BMI,Diabetes,BMI,~28.0,Central_Obesity,YES,Hypertension,YES,Hyperlipidemia,YES,Vegetables,<400g/d,Gender,Male,0.57,BMI,~18.5,Central_Obesity,YES,Hypertension,YES,Hyperlipidemia,YES,Vegetables,<400g/d,Gender,Male,0.07,,,,,,
8/13/2020 13:15:08,fongkwan,Central_Obesity,Hyperlipidemia,Gender,Gender,BMI,Diabetes,Age,Hypertension,Diabetes,YES,Hyperlipidemia,YES,Vegetables,<400g/d,Age,~60,Hypertension,YES,Central_Obesity,YES,0.693,Hyperlipidemia,YES,Central_Obesity,YES,Age,~60,Vegetables,400-500g/d,Hypertension,YES,Region,Countryside,0.6716937355,,,,,,
8/13/2020 13:44:58,maliksu9,BMI,Hyperlipidemia,Vegetables,Hypertension,Hyperlipidemia,BMI,Central_Obesity,Diabetes,Central_Obesity,YES,Diabetes,YES,Hypertension,YES,Vegetables,<400g/d,Hyperlipidemia,YES,BMI,28,0.9777,Central_Obesity,YES,Hypertension,NO,Diabetes,NO,Age,<40,Hyperlipidemia,NO,BMI,18.5,0.3907,,,,,,
8/13/2020 14:44:55,vargamat,Hyperlipidemia,BMI,Gender,Gender,Diabetes,BMI,Hypertension,Region,Hyperlipidemia,YES,Gender,Male,Age,~60,Activity,Insufficient,Region,Countryside,Diabetes,YES,0.68,Hypertension,NO,Vegetables,<400g/d,Gender,Male,Activity,Insufficient,BMI,~28.0,Region,City,0.11,,,,,,
8/13/2020 15:12:34,fongkwan,Hyperlipidemia,Central_Obesity,Gender,Hyperlipidemia,BMI,Region,Diabetes,Central_Obesity,Diabetes,YES,Hyperlipidemia,YES,Vegetables,<400g/d,Age,~60,Hypertension,YES,Central_Obesity,YES,0.693,Vegetables,<400g/d,BMI,~18.5,Activity,Insufficient,Hyperlipidemia,NO,Region,Countryside,Diabetes,YES,0.283,,,,,,
8/13/2020 16:37:40,shuklah3,Hyperlipidemia,BMI,Gender,Hypertension,Hyperlipidemia,BMI,Central_Obesity,Diabetes,Central_Obesity,YES',Vegetables,<400g/d',Activity,Insufficient',Gender,Male',Hypertension,YES',Hyperlipidemia,YES',0.85,Central_Obesity,YES',Vegetables,400-500g/d',Activity,Sufficient',Diabetes,NO',Hypertension,NO',Hyperlipidemia,NO',0.52,,,,,,
8/13/2020 16:51:50,maliksu9,BMI,Hyperlipidemia,Vegetables,Hypertension,Hyperlipidemia,BMI,Central_Obesity,Age,Central_Obesity,YES,Diabetes,YES,Hypertension,YES,Vegetables,<400g/d,Hyperlipidemia,YES,BMI,28,0.9777,Central_Obesity,YES,Hypertension,NO,Diabetes,NO,Age,<40,Hyperlipidemia,NO,BMI,18.5,0.3907,,,,,,
8/13/2020 18:36:39,kammulaa,Hyperlipidemia,Gender,Hypertension,Gender,Hypertension,Hyperlipidemia,BMI,Activity,Activity,Sufficient,Age,<40,Central_Obesity,NO,BMI,<18.5,Gender,Male,Hypertension,NO,0.3327,BMI,~18.5,Central_Obesity,YES,Hypertension,YES,Hyperlipidemia,YES,Gender,Male,Vegetables,<400g/d,0.0738,,,,,,
8/13/2020 19:24:46,maliksu9,BMI,Hyperlipidemia,Vegetables,Hypertension,Hyperlipidemia,BMI,Central_Obesity,Age,Central_Obesity,YES,Diabetes,YES,Hypertension,YES,Vegetables,<400g/d,Hyperlipidemia,YES,BMI,28,0.9777,Central_Obesity,YES,Hypertension,NO,Diabetes,NO,Age,<40,Hyperlipidemia,NO,BMI,18.5,0.3907,,,,,,
8/13/2020 20:54:38,huiamand,Age,Activity,Hypertension,Central_Obesity,Diabetes,Hypertension,Hyperlipidemia,BMI,Hyperlipidemia,YES,Activity,Insufficient,Age,~60,Diabetes,YES,Vegetables,<400g/d,Region,Countryside,0.792,Hypertension,YES,Region,Countryside,Central_Obesity,NO,Diabetes,NO,Age,<40,Hyperlipidemia,NO,0.098,,,,,,
8/13/2020 21:00:36,tangyunn,Hyperlipidemia,Hypertension,Gender,Hypertension,Hyperlipidemia,BMI,Central_Obesity,Diabetes,Diabetes,NO,BMI,~18.5,Central_Obesity,NO,Hypertension,NO,Vegetables,400-500g/d,Hyperlipidemia,NO,0.779,Age,~60,BMI,~18.5,Central_Obesity,NO,Hypertension,NO,Vegetables,>500g/d,Hyperlipidemia,NO,0.221,,,,,,
8/13/2020 21:08:20,graha175,Hyperlipidemia,Gender,Hypertension,Hypertension,Vegetables,Hyperlipidemia,Gender,Activity,Activity,Insufficient,BMI,~28,Central_Obesity,YES,Hyperlipidemia,YES,Hypertension,YES,Age,~60,0.470009,Region,City,Vegetables,400-500g/d,Diabetes,NO,Gender,Male,Central_Obesity,NO,Age,<40,0.4772722955,,,,,,
8/13/2020 21:09:06,shiqiush,Activity,Vegetables,Hyperlipidemia,Hyperlipidemia,Hypertension,BMI,Central_Obesity,Diabetes,Activity,Insufficient,Gender,Male,Hyperlipidemia,YES,BMI,~28.0,Central_Obesity,YES,Hypertension,YES,0.426809,Region,Countryside,Hypertension,YES,Central_Obesity,NO,BMI,~18.5,Activity,Sufficient,Hyperlipidemia,NO,0.371,,,,,,
8/13/2020 21:23:03,shiqiush,Gender,Vegetables,Hyperlipidemia,Hypertension,Gender,Central_Obesity,Hyperlipidemia,Activity,Activity,Insufficient,Gender,Male,Hyperlipidemia,YES,BMI,~28.0',Central_Obesity,YES,Hypertension,YES,0.426809,Region,Countryside,Hypertension,YES,Central_Obesity,YES,BMI,~18.5,Activity,Sufficient,Hyperlipidemia,NO,0.371,,,,,,
8/13/2020 21:25:44,tranmin9,Hyperlipidemia,BMI,Vegetables,Region,Activity,Gender,Hypertension,Hyperlipidemia,Hyperlipidemia,YES,Vegetables,<400g/d,BMI,~28,Activity,Insufficient,Diabetes,YES,Age,~60,0.8,Hyperlipidemia,YES,Vegetables,>500g/day,BMI,<18.5,Activity,Sufficient,Diabetes,NO,Age,<40,0.00069,,,,,,
8/13/2020 22:30:16,alishah,Hyperlipidemia,BMI,Vegetables,Hypertension,Hyperlipidemia,BMI,Central_Obesity,Diabetes,Activity,Insufficient,Age,~60,Gender,Female,Hyperlipidemia,YES,Central_Obesity,YES,BMI,~28.0,0.482,Diabetes,YES,Hypertension,NO,Hyperlipidemia,NO,Central_Obesity,NO,BMI,~24.0,Gender,Male,0.221,,,,,,
8/13/2020 22:42:11,alishah,Hyperlipidemia,BMI,Vegetables,Hypertension,Hyperlipidemia,BMI,Central_Obesity,Diabetes,Activity,Insufficient,Age,~60,Gender,Female,Hyperlipidemia,YES,Central_Obesity,YES,BMI,~28.0,0.482,Diabetes,YES,Hypertension,NO,Hyperlipidemia,NO,Central_Obesity,NO,BMI,~24.0,Gender,Male,0.221,,,,,,
8/14/2020 3:37:24,dengmen4,Hyperlipidemia,Vegetables,Gender,Gender,Age,Hyperlipidemia,Vegetables,Activity,Hyperlipidemia,YES,Activity,Insufficient,Age,~60,Central_Obesity,YES,BMI,~28.0,Vegetables,<400g/d,0.8334892808,Hypertension,NO,Region,City,Diabetes,YES,Age,~60,Central_Obesity,YES,BMI,~28.0,0.06988469401,,,,,,
8/14/2020 3:47:02,dengmen4,Hyperlipidemia,Vegetables,Gender,Gender,Age,Hyperlipidemia,Vegetables,Activity,Hyperlipidemia,YES,Activity,Insufficient,Age,~60,Central_Obesity,YES,BMI,~28.0,Vegetables,<400g/d,0.8334892808,Hypertension,NO,Region,City,Diabetes,YES,Age,~60,Central_Obesity,YES,BMI,~28.0,0.06988469401,,,,,,
8/14/2020 15:44:22,nguy1916,Hypertension,Age,Vegetables,Central_Obesity,Vegetables,Hypertension,Hyperlipidemia,Gender,Hyperlipidemia,YES,Activity,Insufficient,Hypertension,yes,Central_Obesity,YES,Gender,female,Vegetables,<400g/d,0.7246867792,BMI,~18.5,Central_Obesity,yes,Hypertension,yes,Hyperlipidemia,yes,Vegetables,<400g/d,Region,Countryside,0.07376294247,,,,,,
8/14/2020 17:50:46,renjenne,Hyperlipidemia,Gender,Vegetables,Hyperlipidemia,Hypertension,Central_Obesity,BMI,Age,Hyperlipidemia,YES,Region,City,Vegetables,<400g/d,Age,~60,Diabetes,YES,Central_Obesity,YES,0.75,Central_Obesity,NO,Gender,Female,Vegetables,<400g/d,Activity,Insufficient,Diabetes,YES,BMI,~28.0,0.02,,,,,,
8/14/2020 18:21:13,luxiu,Hyperlipidemia,BMI,Vegetables,Hypertension,Hyperlipidemia,Activity,Gender,Diabetes,Activity,Insufficient,BMI,~28,Central_Obesity,YES,Hyperlipidemia,YES,Gender,Female,Age,~60,0.482,Hyperlipidemia,YES,BMI,<18.5,Central_Obesity,NO,Gender,Female,Diabetes,NO,Vegetables,>500g/d,0.109,,,,,,
8/14/2020 18:56:28,patel415,Central_Obesity,Hyperlipidemia,Hypertension,Age,Gender,Hyperlipidemia,Hypertension,Activity,Activity,Insufficient,BMI,~28.0,Central_Obesity,YES,Hyperlipidemia,YES,Hypertension,YES,Age,~60,0.470009,Activity,Sufficient,BMI,~24.0,Central_Obesity,YES,Hyperlipidemia,YES,Hypertension,NO,Age,~60,0.235562,,,,,,
8/14/2020 19:40:14,shwedmat,BMI,Vegetables,Hyperlipidemia,Hypertension,Gender,Hyperlipidemia,Vegetables,Activity,Region,0.5204779424,Central_Obesity,0.5282610108,Age,0.5395529475,Activity,0.5395529475,Diabetes,0.548757304,Hypertension,0.6015820296,0.6015820296,BMI,0.017,Hypertension,0.001609750978,Diabetes,0.001518446359,Age,0.001518446359,Activity,0.001399438884,Region,0.001331185381,0.001331185381,,,,,,
8/14/2020 20:02:25,faroo127,Hyperlipidemia,Gender,Vegetables,Age,Gender,Hyperlipidemia,Hypertension,Activity,Diabetes,YES,BMI,~28.0,Central_Obesity,YES,Gender,Male,Activity,Insufficient,Hypertension,YES,0.67,Diabetes,NO,BMI,~28.0,Central_Obesity,YES,Gender,Male,Activity,Insufficient,Hypertension,YES,0.33,,,,,,
8/14/2020 20:11:36,patel415,Gender,Hyperlipidemia,Vegetables,Age,Gender,Hyperlipidemia,Hypertension,Activity,Region,City,BMI,~28.0,Central_Obesity,YES,Hyperlipidemia,NO,Hypertension,YES,Diabetes,YES,0.629,Activity,Sufficient,BMI,~24.0,Central_Obesity,YES,Hyperlipidemia,YES,Hypertension,NO,Age,~60,0.235562,,,,,,
8/15/2020 1:55:53,chanja51,Hyperlipidemia,Vegetables,Diabetes,Hypertension,Hyperlipidemia,Central_Obesity,BMI,Age,Activity,Insufficient,Vegetables,<400g/d,BMI,~28.0,Hyperlipidemia,YES,Gender,Female,Age,~60,0.482,Age,~60,Activity,Sufficient,Hyperlipidemia,NO,Diabetes,NO,Region,Countryside,Hypertension,NO,0.22,,,,,,
8/15/2020 21:22:22,sahniarj,Hyperlipidemia,Vegetables,Central_Obesity,Hyperlipidemia,Hypertension,BMI,Central_Obesity,Diabetes,Hypertension,YES,BMI,~28.0,Central_Obesity,YES,Vegetables,400-500g/d,Region,City,Diabetes,YES,0.9204885052,Hypertension,YES,BMI,~18.5,Central_Obesity,NO,Region,Countryside,Diabetes,NO,Age,<40,0.1054786363,,,,,,
8/16/2020 5:07:56,fongkwan,Hyperlipidemia,Central_Obesity,Gender,Hyperlipidemia,BMI,Region,Diabetes,Central_Obesity,Diabetes,YES,Hyperlipidemia,YES,Vegetables,<400g/d,Age,~60,Hypertension,YES,Central_Obesity,YES,0.693,Vegetables,<400g/d,Gender,Female,Diabetes,NO,Hypertension,NO,Activity,Insufficient,Central_Obesity,YES,0.3461174977,,,,,,
8/17/2020 15:03:06,zhan4159,Hyperlipidemia,BMI,Vegetables,Hypertension,Hyperlipidemia,Central_Obesity,BMI,Diabetes,Hyperlipidemia,YES,BMI,<18.5,Activity,Insufficient,Vegetables,<400g/d,Age,~60,Diabetes,YES,0.4718814863,Hyperlipidemia,YES,Diabetes,YES,Age,<40,Activity,Sufficient,Vegetables,400-500g/d,Region,City,0.3314821166,,,,,,
8/17/2020 20:18:59,yize,Hyperlipidemia,Vegetables,Gender,Region,Age,Hypertension,Hyperlipidemia,BMI,Activity,Sufficient,Gender,Male,Hyperlipidemia,NO,Age,<40,BMI,<18.5,Central_Obesity,NO,0.338,Region,Countryside,Hypertension,YES,Hyperlipidemia,NO,Central_Obesity,NO,BMI,~28.0,Diabetes,YES,0.371,,,,,,
8/17/2020 20:58:23,trainada,Hyperlipidemia,Vegetables,Activity,Hypertension,Hyperlipidemia,BMI,Central_Obesity,Age,BMI,~28.0,Central_Obesity,YES,Hypertension,YES,Hyperlipidemia,YES,Vegetables,<400g/d,Gender,Male,0.5708493459,BMI,~18.5,Central_Obesity,YES,Hypertension,YES,Hyperlipidemia,YES,Gender,Female,Activity,Insufficient,0.07376294247,,,,,,